Checkbox,Task,Tag,WBS Group,Start Date,Deadline,Days Left,Priority,Status,Person In Charge,Notes
FALSE,Article CRUD,Vakav Website,Backend - Content Management > Article (Blog),7/20/2025,7/29/2025,,2. Medium,To Do,,
FALSE,Article Categories,Vakav Website,Backend - Content Management > Article (Blog),7/20/2025,7/29/2025,,2. Medium,To Do,,
FALSE,Article Authors,Vakav Website,Backend - Content Management > Article (Blog),7/20/2025,7/29/2025,,2. Medium,To Do,,
FALSE,Article SEO,Vakav Website,Backend - Content Management > Article (Blog),7/20/2025,7/29/2025,,2. Medium,To Do,,
FALSE,Article Dynamic Zones,Vakav Website,Backend - Content Management > Article (Blog),7/20/2025,7/29/2025,,2. Medium,To Do,,
FALSE,Article Localization,Vakav Website,Backend - Content Management > Article (Blog),7/20/2025,7/29/2025,,2. Medium,To Do,,
FALSE,Article Draft & Publish,Vakav Website,Backend - Content Management > Article (Blog),7/20/2025,7/29/2025,,2. Medium,To Do,,
FALSE,Page CRUD,Vakav Website,Backend - Content Management > Page (Dynamic Pages),7/20/2025,7/29/2025,,2. Medium,To Do,,
FALSE,Page SEO,Vakav Website,Backend - Content Management > Page (Dynamic Pages),7/20/2025,7/29/2025,,2. Medium,To Do,,
FALSE,Page Slug Management,Vakav Website,Backend - Content Management > Page (Dynamic Pages),7/20/2025,7/29/2025,,2. Medium,To Do,,
FALSE,Page Dynamic Zones,Vakav Website,Backend - Content Management > Page (Dynamic Pages),7/20/2025,7/29/2025,,2. Medium,To Do,,
FALSE,Page Localization,Vakav Website,Backend - Content Management > Page (Dynamic Pages),7/20/2025,7/29/2025,,2. Medium,To Do,,
FALSE,Page Draft & Publish,Vakav Website,Backend - Content Management > Page (Dynamic Pages),7/20/2025,7/29/2025,,2. Medium,To Do,,
FALSE,Product CRUD,Vakav Website,Backend - Content Management > Product,7/20/2025,7/29/2025,,2. Medium,To Do,,
FALSE,Product Categories,Vakav Website,Backend - Content Management > Product,7/20/2025,7/29/2025,,2. Medium,To Do,,
FALSE,Product Plans (Pricing),Vakav Website,Backend - Content Management > Product,7/20/2025,7/29/2025,,2. Medium,To Do,,
FALSE,Product Perks,Vakav Website,Backend - Content Management > Product,7/20/2025,7/29/2025,,2. Medium,To Do,,
FALSE,Product Featured Flag,Vakav Website,Backend - Content Management > Product,7/20/2025,7/29/2025,,2. Medium,To Do,,
FALSE,Product SEO,Vakav Website,Backend - Content Management > Product,7/20/2025,7/29/2025,,2. Medium,To Do,,
FALSE,Product Media,Vakav Website,Backend - Content Management > Product,7/20/2025,7/29/2025,,2. Medium,To Do,,
FALSE,Product Dynamic Zones,Vakav Website,Backend - Content Management > Product,7/20/2025,7/29/2025,,2. Medium,To Do,,
FALSE,Product Localization,Vakav Website,Backend - Content Management > Product,7/20/2025,7/29/2025,,2. Medium,To Do,,
FALSE,Product Draft & Publish,Vakav Website,Backend - Content Management > Product,7/20/2025,7/29/2025,,2. Medium,To Do,,
FALSE,FAQ CRUD,Vakav Website,Backend - Content Management > FAQ,7/20/2025,7/29/2025,,2. Medium,To Do,,
FALSE,FAQ Localization,Vakav Website,Backend - Content Management > FAQ,7/20/2025,7/29/2025,,2. Medium,To Do,,
FALSE,FAQ Structured Data Support,Vakav Website,Backend - Content Management > FAQ,7/20/2025,7/29/2025,,2. Medium,To Do,,
FALSE,Doc CRUD,Vakav Website,Backend - Content Management > Documentation (Doc),7/20/2025,7/29/2025,,2. Medium,To Do,,
FALSE,Doc SEO,Vakav Website,Backend - Content Management > Documentation (Doc),7/20/2025,7/29/2025,,2. Medium,To Do,,
FALSE,Doc Dynamic Zones,Vakav Website,Backend - Content Management > Documentation (Doc),7/20/2025,7/29/2025,,2. Medium,To Do,,
FALSE,Doc Localization,Vakav Website,Backend - Content Management > Documentation (Doc),7/20/2025,7/29/2025,,2. Medium,To Do,,
FALSE,Doc Draft & Publish,Vakav Website,Backend - Content Management > Documentation (Doc),7/20/2025,7/29/2025,,2. Medium,To Do,,
FALSE,Category CRUD,Vakav Website,Backend - Content Management > Category,7/20/2025,7/29/2025,,2. Medium,To Do,,
FALSE,Category Relations,Vakav Website,Backend - Content Management > Category,7/20/2025,7/29/2025,,2. Medium,To Do,,
FALSE,Category Localization,Vakav Website,Backend - Content Management > Category,7/20/2025,7/29/2025,,2. Medium,To Do,,
FALSE,Testimonial CRUD,Vakav Website,Backend - Content Management > Testimonial,7/20/2025,7/29/2025,,2. Medium,To Do,,
FALSE,Testimonial User Component,Vakav Website,Backend - Content Management > Testimonial,7/20/2025,7/29/2025,,2. Medium,To Do,,
FALSE,Testimonial Localization,Vakav Website,Backend - Content Management > Testimonial,7/20/2025,7/29/2025,,2. Medium,To Do,,
FALSE,Testimonial Draft & Publish,Vakav Website,Backend - Content Management > Testimonial,7/20/2025,7/29/2025,,2. Medium,To Do,,
FALSE,Plan CRUD,Vakav Website,Backend - Content Management > Plan (Pricing),7/20/2025,7/29/2025,,2. Medium,To Do,,
FALSE,Plan Product Relation,Vakav Website,Backend - Content Management > Plan (Pricing),7/20/2025,7/29/2025,,2. Medium,To Do,,
FALSE,Plan Perks,Vakav Website,Backend - Content Management > Plan (Pricing),7/20/2025,7/29/2025,,2. Medium,To Do,,
FALSE,Plan Featured Flag,Vakav Website,Backend - Content Management > Plan (Pricing),7/20/2025,7/29/2025,,2. Medium,To Do,,
FALSE,Plan CTA Component,Vakav Website,Backend - Content Management > Plan (Pricing),7/20/2025,7/29/2025,,2. Medium,To Do,,
FALSE,Contact Card CRUD,Vakav Website,Backend - Content Management > Contact Card,7/20/2025,7/29/2025,,2. Medium,To Do,,
FALSE,Contact Card Contact Methods,Vakav Website,Backend - Content Management > Contact Card,7/20/2025,7/29/2025,,2. Medium,To Do,,
FALSE,Contact Card CSV Export,Vakav Website,Backend - Content Management > Contact Card,7/20/2025,7/29/2025,,2. Medium,To Do,,
FALSE,Contact Card Avatar,Vakav Website,Backend - Content Management > Contact Card,7/20/2025,7/29/2025,,2. Medium,To Do,,
FALSE,Contact Card Ordering,Vakav Website,Backend - Content Management > Contact Card,7/20/2025,7/29/2025,,2. Medium,To Do,,
FALSE,Contact Card Localization,Vakav Website,Backend - Content Management > Contact Card,7/20/2025,7/29/2025,,2. Medium,To Do,,
FALSE,Contact Card Draft & Publish,Vakav Website,Backend - Content Management > Contact Card,7/20/2025,7/29/2025,,2. Medium,To Do,,
FALSE,Newsletter Subscription,Vakav Website,Backend - User Interaction > Newsletter,7/30/2025,8/1/2025,,2. Medium,To Do,,
FALSE,Newsletter CRUD,Vakav Website,Backend - User Interaction > Newsletter,7/30/2025,8/1/2025,,2. Medium,To Do,,
FALSE,Contact Form Submission,Vakav Website,Backend - User Interaction > Contact,7/30/2025,8/1/2025,,2. Medium,To Do,,
FALSE,Contact Message Status,Vakav Website,Backend - User Interaction > Contact,7/30/2025,8/1/2025,,2. Medium,To Do,,
FALSE,Contact IP Address Tracking,Vakav Website,Backend - User Interaction > Contact,7/30/2025,8/1/2025,,2. Medium,To Do,,
FALSE,Contact Submitted At Timestamp,Vakav Website,Backend - User Interaction > Contact,7/30/2025,8/1/2025,,2. Medium,To Do,,
FALSE,Contact Localization,Vakav Website,Backend - User Interaction > Contact,7/30/2025,8/1/2025,,2. Medium,To Do,,
FALSE,Contact Draft & Publish,Vakav Website,Backend - User Interaction > Contact,7/30/2025,8/1/2025,,2. Medium,To Do,,
FALSE,Global SEO Settings,Vakav Website,Backend - Site Configuration > Global,8/2/2025,8/5/2025,,2. Medium,To Do,,
FALSE,Global Navbar Configuration,Vakav Website,Backend - Site Configuration > Global,8/2/2025,8/5/2025,,2. Medium,To Do,,
FALSE,Global Footer Configuration,Vakav Website,Backend - Site Configuration > Global,8/2/2025,8/5/2025,,2. Medium,To Do,,
FALSE,Global Localization,Vakav Website,Backend - Site Configuration > Global,8/2/2025,8/5/2025,,2. Medium,To Do,,
FALSE,Global Draft & Publish,Vakav Website,Backend - Site Configuration > Global,8/2/2025,8/5/2025,,2. Medium,To Do,,
FALSE,Translation Key-Value Pairs,Vakav Website,Backend - Site Configuration > Global Translation,8/2/2025,8/5/2025,,2. Medium,To Do,,
FALSE,Translation Localization,Vakav Website,Backend - Site Configuration > Global Translation,8/2/2025,8/5/2025,,2. Medium,To Do,,
FALSE,Logo Management,Vakav Website,Backend - Site Configuration > Logo,8/2/2025,8/5/2025,,2. Medium,To Do,,
FALSE,Logo Localization,Vakav Website,Backend - Site Configuration > Logo,8/2/2025,8/5/2025,,2. Medium,To Do,,
FALSE,URL Redirection Management,Vakav Website,Backend - Site Configuration > Redirection,8/2/2025,8/5/2025,,2. Medium,To Do,,
FALSE,Redirection Localization,Vakav Website,Backend - Site Configuration > Redirection,8/2/2025,8/5/2025,,2. Medium,To Do,,
FALSE,Blog Page Configuration,Vakav Website,Backend - Site Configuration > Blog Page,8/2/2025,8/5/2025,,2. Medium,To Do,,
FALSE,Blog Page SEO,Vakav Website,Backend - Site Configuration > Blog Page,8/2/2025,8/5/2025,,2. Medium,To Do,,
FALSE,Blog Page Dynamic Zones,Vakav Website,Backend - Site Configuration > Blog Page,8/2/2025,8/5/2025,,2. Medium,To Do,,
FALSE,Blog Page Localization,Vakav Website,Backend - Site Configuration > Blog Page,8/2/2025,8/5/2025,,2. Medium,To Do,,
FALSE,Product Page Configuration,Vakav Website,Backend - Site Configuration > Product Page,8/2/2025,8/5/2025,,2. Medium,To Do,,
FALSE,Product Page SEO,Vakav Website,Backend - Site Configuration > Product Page,8/2/2025,8/5/2025,,2. Medium,To Do,,
FALSE,Product Page Dynamic Zones,Vakav Website,Backend - Site Configuration > Product Page,8/2/2025,8/5/2025,,2. Medium,To Do,,
FALSE,Product Page Localization,Vakav Website,Backend - Site Configuration > Product Page,8/2/2025,8/5/2025,,2. Medium,To Do,,
FALSE,Multi-language Support,Vakav Website,Backend - Strapi Plugins > i18n (Internationalization),8/6/2025,8/8/2025,,2. Medium,To Do,,
FALSE,Locale Management,Vakav Website,Backend - Strapi Plugins > i18n (Internationalization),8/6/2025,8/8/2025,,2. Medium,To Do,,
FALSE,Content Localization,Vakav Website,Backend - Strapi Plugins > i18n (Internationalization),8/6/2025,8/8/2025,,2. Medium,To Do,,
FALSE,SEO Component Integration,Vakav Website,Backend - Strapi Plugins > SEO Plugin,8/6/2025,8/8/2025,,2. Medium,To Do,,
FALSE,Meta Tags Management,Vakav Website,Backend - Strapi Plugins > SEO Plugin,8/6/2025,8/8/2025,,2. Medium,To Do,,
FALSE,OpenGraph Support,Vakav Website,Backend - Strapi Plugins > SEO Plugin,8/6/2025,8/8/2025,,2. Medium,To Do,,
FALSE,Structured Data Support,Vakav Website,Backend - Strapi Plugins > SEO Plugin,8/6/2025,8/8/2025,,2. Medium,To Do,,
FALSE,User Authentication,Vakav Website,Backend - Strapi Plugins > Users Permissions,8/6/2025,8/8/2025,,2. Medium,To Do,,
FALSE,Role-based Access Control,Vakav Website,Backend - Strapi Plugins > Users Permissions,8/6/2025,8/8/2025,,2. Medium,To Do,,
FALSE,Permission Management,Vakav Website,Backend - Strapi Plugins > Users Permissions,8/6/2025,8/8/2025,,2. Medium,To Do,,
FALSE,Content Release Management,Vakav Website,Backend - Strapi Plugins > Content Releases,8/6/2025,8/8/2025,,2. Medium,To Do,,
FALSE,Content Release Actions,Vakav Website,Backend - Strapi Plugins > Content Releases,8/6/2025,8/8/2025,,2. Medium,To Do,,
FALSE,Workflow Management,Vakav Website,Backend - Strapi Plugins > Review Workflows,8/6/2025,8/8/2025,,2. Medium,To Do,,
FALSE,Workflow Stages,Vakav Website,Backend - Strapi Plugins > Review Workflows,8/6/2025,8/8/2025,,2. Medium,To Do,,
FALSE,Media File Upload,Vakav Website,Backend - Strapi Plugins > Upload (Media Library),8/6/2025,8/8/2025,,2. Medium,To Do,,
FALSE,Media Folder Organization,Vakav Website,Backend - Strapi Plugins > Upload (Media Library),8/6/2025,8/8/2025,,2. Medium,To Do,,
FALSE,Media Type Support,Vakav Website,Backend - Strapi Plugins > Upload (Media Library),8/6/2025,8/8/2025,,2. Medium,To Do,,
FALSE,Meta Title,Vakav Website,Backend - Shared Components > SEO Component,8/9/2025,8/16/2025,,2. Medium,To Do,,
FALSE,Meta Description,Vakav Website,Backend - Shared Components > SEO Component,8/9/2025,8/16/2025,,2. Medium,To Do,,
FALSE,Meta Image,Vakav Website,Backend - Shared Components > SEO Component,8/9/2025,8/16/2025,,2. Medium,To Do,,
FALSE,Keywords,Vakav Website,Backend - Shared Components > SEO Component,8/9/2025,8/16/2025,,2. Medium,To Do,,
FALSE,Meta Robots,Vakav Website,Backend - Shared Components > SEO Component,8/9/2025,8/16/2025,,2. Medium,To Do,,
FALSE,Structured Data (JSON),Vakav Website,Backend - Shared Components > SEO Component,8/9/2025,8/16/2025,,2. Medium,To Do,,
FALSE,Meta Viewport,Vakav Website,Backend - Shared Components > SEO Component,8/9/2025,8/16/2025,,2. Medium,To Do,,
FALSE,Canonical URL,Vakav Website,Backend - Shared Components > SEO Component,8/9/2025,8/16/2025,,2. Medium,To Do,,
FALSE,OpenGraph Title,Vakav Website,Backend - Shared Components > SEO Component,8/9/2025,8/16/2025,,2. Medium,To Do,,
FALSE,OpenGraph Description,Vakav Website,Backend - Shared Components > SEO Component,8/9/2025,8/16/2025,,2. Medium,To Do,,
FALSE,OpenGraph Image,Vakav Website,Backend - Shared Components > SEO Component,8/9/2025,8/16/2025,,2. Medium,To Do,,
FALSE,Contact Type,Vakav Website,Backend - Shared Components > Contact Method Component,8/9/2025,8/16/2025,,2. Medium,To Do,,
FALSE,Contact Value,Vakav Website,Backend - Shared Components > Contact Method Component,8/9/2025,8/16/2025,,2. Medium,To Do,,
FALSE,Contact Icon,Vakav Website,Backend - Shared Components > Contact Method Component,8/9/2025,8/16/2025,,2. Medium,To Do,,
FALSE,Perk Icon,Vakav Website,Backend - Shared Components > Perks Component,8/9/2025,8/16/2025,,2. Medium,To Do,,
FALSE,Perk Text,Vakav Website,Backend - Shared Components > Perks Component,8/9/2025,8/16/2025,,2. Medium,To Do,,
FALSE,Step Number,Vakav Website,Backend - Shared Components > Steps Component,8/9/2025,8/16/2025,,2. Medium,To Do,,
FALSE,Step Title,Vakav Website,Backend - Shared Components > Steps Component,8/9/2025,8/16/2025,,2. Medium,To Do,,
FALSE,Step Description,Vakav Website,Backend - Shared Components > Steps Component,8/9/2025,8/16/2025,,2. Medium,To Do,,
FALSE,Section Title,Vakav Website,Backend - Shared Components > Section Component,8/9/2025,8/16/2025,,2. Medium,To Do,,
FALSE,Section Content,Vakav Website,Backend - Shared Components > Section Component,8/9/2025,8/16/2025,,2. Medium,To Do,,
FALSE,User Name,Vakav Website,Backend - Shared Components > User Component,8/9/2025,8/16/2025,,2. Medium,To Do,,
FALSE,User Avatar,Vakav Website,Backend - Shared Components > User Component,8/9/2025,8/16/2025,,2. Medium,To Do,,
FALSE,User Role,Vakav Website,Backend - Shared Components > User Component,8/9/2025,8/16/2025,,2. Medium,To Do,,
FALSE,Social Media Platform,Vakav Website,Backend - Shared Components > Social Media Icon Links Component,8/9/2025,8/16/2025,,2. Medium,To Do,,
FALSE,Social Media URL,Vakav Website,Backend - Shared Components > Social Media Icon Links Component,8/9/2025,8/16/2025,,2. Medium,To Do,,
FALSE,Social Media Icon,Vakav Website,Backend - Shared Components > Social Media Icon Links Component,8/9/2025,8/16/2025,,2. Medium,To Do,,
FALSE,Link URL,Vakav Website,Backend - Shared Components > Link Component,8/9/2025,8/16/2025,,2. Medium,To Do,,
FALSE,Link Text,Vakav Website,Backend - Shared Components > Link Component,8/9/2025,8/16/2025,,2. Medium,To Do,,
FALSE,Link Target,Vakav Website,Backend - Shared Components > Link Component,8/9/2025,8/16/2025,,2. Medium,To Do,,
FALSE,Launch Date,Vakav Website,Backend - Shared Components > Launches Component,8/9/2025,8/16/2025,,2. Medium,To Do,,
FALSE,Launch Title,Vakav Website,Backend - Shared Components > Launches Component,8/9/2025,8/16/2025,,2. Medium,To Do,,
FALSE,Launch Description,Vakav Website,Backend - Shared Components > Launches Component,8/9/2025,8/16/2025,,2. Medium,To Do,,
FALSE,Form Fields,Vakav Website,Backend - Shared Components > Form Component,8/9/2025,8/16/2025,,2. Medium,To Do,,
FALSE,Form Actions,Vakav Website,Backend - Shared Components > Form Component,8/9/2025,8/16/2025,,2. Medium,To Do,,
FALSE,Button Text,Vakav Website,Backend - Shared Components > Button Component,8/9/2025,8/16/2025,,2. Medium,To Do,,
FALSE,Button URL,Vakav Website,Backend - Shared Components > Button Component,8/9/2025,8/16/2025,,2. Medium,To Do,,
FALSE,Button Style,Vakav Website,Backend - Shared Components > Button Component,8/9/2025,8/16/2025,,2. Medium,To Do,,
FALSE,Hero Heading,Vakav Website,Backend - Dynamic Zone Components > Hero,8/17/2025,8/24/2025,,2. Medium,To Do,,
FALSE,Hero Sub-heading,Vakav Website,Backend - Dynamic Zone Components > Hero,8/17/2025,8/24/2025,,2. Medium,To Do,,
FALSE,Hero Background Image,Vakav Website,Backend - Dynamic Zone Components > Hero,8/17/2025,8/24/2025,,2. Medium,To Do,,
FALSE,Hero CTAs,Vakav Website,Backend - Dynamic Zone Components > Hero,8/17/2025,8/24/2025,,2. Medium,To Do,,
FALSE,Feature Cards,Vakav Website,Backend - Dynamic Zone Components > Features,8/17/2025,8/24/2025,,2. Medium,To Do,,
FALSE,Feature Icons,Vakav Website,Backend - Dynamic Zone Components > Features,8/17/2025,8/24/2025,,2. Medium,To Do,,
FALSE,Feature Titles,Vakav Website,Backend - Dynamic Zone Components > Features,8/17/2025,8/24/2025,,2. Medium,To Do,,
FALSE,Feature Descriptions,Vakav Website,Backend - Dynamic Zone Components > Features,8/17/2025,8/24/2025,,2. Medium,To Do,,
FALSE,Testimonial Slider,Vakav Website,Backend - Dynamic Zone Components > Testimonials,8/17/2025,8/24/2025,,2. Medium,To Do,,
FALSE,Testimonial Cards,Vakav Website,Backend - Dynamic Zone Components > Testimonials,8/17/2025,8/24/2025,,2. Medium,To Do,,
FALSE,Testimonial User Info,Vakav Website,Backend - Dynamic Zone Components > Testimonials,8/17/2025,8/24/2025,,2. Medium,To Do,,
FALSE,How It Works Cards,Vakav Website,Backend - Dynamic Zone Components > How It Works,8/17/2025,8/24/2025,,2. Medium,To Do,,
FALSE,How It Works Steps,Vakav Website,Backend - Dynamic Zone Components > How It Works,8/17/2025,8/24/2025,,2. Medium,To Do,,
FALSE,Brand Logos,Vakav Website,Backend - Dynamic Zone Components > Brands,8/17/2025,8/24/2025,,2. Medium,To Do,,
FALSE,Brand Links,Vakav Website,Backend - Dynamic Zone Components > Brands,8/17/2025,8/24/2025,,2. Medium,To Do,,
FALSE,Pricing Plans,Vakav Website,Backend - Dynamic Zone Components > Pricing,8/17/2025,8/24/2025,,2. Medium,To Do,,
FALSE,Pricing Features,Vakav Website,Backend - Dynamic Zone Components > Pricing,8/17/2025,8/24/2025,,2. Medium,To Do,,
FALSE,Pricing CTAs,Vakav Website,Backend - Dynamic Zone Components > Pricing,8/17/2025,8/24/2025,,2. Medium,To Do,,
FALSE,Launch Timeline,Vakav Website,Backend - Dynamic Zone Components > Launches,8/17/2025,8/24/2025,,2. Medium,To Do,,
FALSE,Launch Events,Vakav Website,Backend - Dynamic Zone Components > Launches,8/17/2025,8/24/2025,,2. Medium,To Do,,
FALSE,CTA Text,Vakav Website,Backend - Dynamic Zone Components > CTA (Call To Action),8/17/2025,8/24/2025,,2. Medium,To Do,,
FALSE,CTA Button,Vakav Website,Backend - Dynamic Zone Components > CTA (Call To Action),8/17/2025,8/24/2025,,2. Medium,To Do,,
FALSE,CTA Link,Vakav Website,Backend - Dynamic Zone Components > CTA (Call To Action),8/17/2025,8/24/2025,,2. Medium,To Do,,
FALSE,Form Fields,Vakav Website,Backend - Dynamic Zone Components > Form Next To Section,8/17/2025,8/24/2025,,2. Medium,To Do,,
FALSE,Section Content,Vakav Website,Backend - Dynamic Zone Components > Form Next To Section,8/17/2025,8/24/2025,,2. Medium,To Do,,
FALSE,Contact Items,Vakav Website,Backend - Dynamic Zone Components > Form Next To Section,8/17/2025,8/24/2025,,2. Medium,To Do,,
FALSE,FAQ Questions,Vakav Website,Backend - Dynamic Zone Components > FAQ,8/17/2025,8/24/2025,,2. Medium,To Do,,
FALSE,FAQ Answers,Vakav Website,Backend - Dynamic Zone Components > FAQ,8/17/2025,8/24/2025,,2. Medium,To Do,,
FALSE,Solution Cards,Vakav Website,Backend - Dynamic Zone Components > Solutions,8/17/2025,8/24/2025,,2. Medium,To Do,,
FALSE,Solution Descriptions,Vakav Website,Backend - Dynamic Zone Components > Solutions,8/17/2025,8/24/2025,,2. Medium,To Do,,
FALSE,About Content,Vakav Website,Backend - Dynamic Zone Components > About,8/17/2025,8/24/2025,,2. Medium,To Do,,
FALSE,About Images,Vakav Website,Backend - Dynamic Zone Components > About,8/17/2025,8/24/2025,,2. Medium,To Do,,
FALSE,Latest Items,Vakav Website,Backend - Dynamic Zone Components > Latest Section,8/17/2025,8/24/2025,,2. Medium,To Do,,
FALSE,Latest Links,Vakav Website,Backend - Dynamic Zone Components > Latest Section,8/17/2025,8/24/2025,,2. Medium,To Do,,
FALSE,Featured Product Display,Vakav Website,Backend - Dynamic Zone Components > Featured Product,8/17/2025,8/24/2025,,2. Medium,To Do,,
FALSE,Featured Product Info,Vakav Website,Backend - Dynamic Zone Components > Featured Product,8/17/2025,8/24/2025,,2. Medium,To Do,,
FALSE,Related Article Cards,Vakav Website,Backend - Dynamic Zone Components > Related Articles,8/17/2025,8/24/2025,,2. Medium,To Do,,
FALSE,Related Article Links,Vakav Website,Backend - Dynamic Zone Components > Related Articles,8/17/2025,8/24/2025,,2. Medium,To Do,,
FALSE,Related Product Cards,Vakav Website,Backend - Dynamic Zone Components > Related Products,8/17/2025,8/24/2025,,2. Medium,To Do,,
FALSE,Related Product Links,Vakav Website,Backend - Dynamic Zone Components > Related Products,8/17/2025,8/24/2025,,2. Medium,To Do,,
FALSE,Homepage Hero Section,Vakav Website,Frontend - Content & Pages > Homepage,8/25/2025,9/3/2025,,2. Medium,To Do,,
FALSE,Homepage Features Section,Vakav Website,Frontend - Content & Pages > Homepage,8/25/2025,9/3/2025,,2. Medium,To Do,,
FALSE,Homepage Testimonials Section,Vakav Website,Frontend - Content & Pages > Homepage,8/25/2025,9/3/2025,,2. Medium,To Do,,
FALSE,Homepage Solutions Section,Vakav Website,Frontend - Content & Pages > Homepage,8/25/2025,9/3/2025,,2. Medium,To Do,,
FALSE,Homepage Pricing Section,Vakav Website,Frontend - Content & Pages > Homepage,8/25/2025,9/3/2025,,2. Medium,To Do,,
FALSE,Homepage Services Section,Vakav Website,Frontend - Content & Pages > Homepage,8/25/2025,9/3/2025,,2. Medium,To Do,,
FALSE,Homepage About Section,Vakav Website,Frontend - Content & Pages > Homepage,8/25/2025,9/3/2025,,2. Medium,To Do,,
FALSE,Homepage Blogs Section,Vakav Website,Frontend - Content & Pages > Homepage,8/25/2025,9/3/2025,,2. Medium,To Do,,
FALSE,Homepage Process Section,Vakav Website,Frontend - Content & Pages > Homepage,8/25/2025,9/3/2025,,2. Medium,To Do,,
FALSE,Homepage Dynamic Content,Vakav Website,Frontend - Content & Pages > Homepage,8/25/2025,9/3/2025,,2. Medium,To Do,,
FALSE,About Page Content,Vakav Website,Frontend - Content & Pages > About Page,8/25/2025,9/3/2025,,2. Medium,To Do,,
FALSE,About Page Dynamic Zones,Vakav Website,Frontend - Content & Pages > About Page,8/25/2025,9/3/2025,,2. Medium,To Do,,
FALSE,About Page SEO,Vakav Website,Frontend - Content & Pages > About Page,8/25/2025,9/3/2025,,2. Medium,To Do,,
FALSE,Blog Listing Page,Vakav Website,Frontend - Content & Pages > Blog,8/25/2025,9/3/2025,,2. Medium,To Do,,
FALSE,Blog Post Page,Vakav Website,Frontend - Content & Pages > Blog,8/25/2025,9/3/2025,,2. Medium,To Do,,
FALSE,Blog Categories,Vakav Website,Frontend - Content & Pages > Blog,8/25/2025,9/3/2025,,2. Medium,To Do,,
FALSE,Blog Authors,Vakav Website,Frontend - Content & Pages > Blog,8/25/2025,9/3/2025,,2. Medium,To Do,,
FALSE,Blog Related Articles,Vakav Website,Frontend - Content & Pages > Blog,8/25/2025,9/3/2025,,2. Medium,To Do,,
FALSE,Blog Comments (Structure),Vakav Website,Frontend - Content & Pages > Blog,8/25/2025,9/3/2025,,2. Medium,To Do,,
FALSE,Blog SEO,Vakav Website,Frontend - Content & Pages > Blog,8/25/2025,9/3/2025,,2. Medium,To Do,,
FALSE,Blog Localization,Vakav Website,Frontend - Content & Pages > Blog,8/25/2025,9/3/2025,,2. Medium,To Do,,
FALSE,Products Listing Page,Vakav Website,Frontend - Content & Pages > Products,8/25/2025,9/3/2025,,2. Medium,To Do,,
FALSE,Product Detail Page,Vakav Website,Frontend - Content & Pages > Products,8/25/2025,9/3/2025,,2. Medium,To Do,,
FALSE,Product Categories,Vakav Website,Frontend - Content & Pages > Products,8/25/2025,9/3/2025,,2. Medium,To Do,,
FALSE,Product Plans (Pricing),Vakav Website,Frontend - Content & Pages > Products,8/25/2025,9/3/2025,,2. Medium,To Do,,
FALSE,Product Perks,Vakav Website,Frontend - Content & Pages > Products,8/25/2025,9/3/2025,,2. Medium,To Do,,
FALSE,Product Featured Display,Vakav Website,Frontend - Content & Pages > Products,8/25/2025,9/3/2025,,2. Medium,To Do,,
FALSE,Product Related Products,Vakav Website,Frontend - Content & Pages > Products,8/25/2025,9/3/2025,,2. Medium,To Do,,
FALSE,Product SEO,Vakav Website,Frontend - Content & Pages > Products,8/25/2025,9/3/2025,,2. Medium,To Do,,
FALSE,Product Localization,Vakav Website,Frontend - Content & Pages > Products,8/25/2025,9/3/2025,,2. Medium,To Do,,
FALSE,Contact Form,Vakav Website,Frontend - Content & Pages > Contact Page,8/25/2025,9/3/2025,,2. Medium,To Do,,
FALSE,Contact Cards Display,Vakav Website,Frontend - Content & Pages > Contact Page,8/25/2025,9/3/2025,,2. Medium,To Do,,
FALSE,Contact Card QR Codes (vCard),Vakav Website,Frontend - Content & Pages > Contact Page,8/25/2025,9/3/2025,,2. Medium,To Do,,
FALSE,Contact Card CSV Download,Vakav Website,Frontend - Content & Pages > Contact Page,8/25/2025,9/3/2025,,2. Medium,To Do,,
FALSE,Contact Card Social Media Links,Vakav Website,Frontend - Content & Pages > Contact Page,8/25/2025,9/3/2025,,2. Medium,To Do,,
FALSE,Contact Page Dynamic Zones,Vakav Website,Frontend - Content & Pages > Contact Page,8/25/2025,9/3/2025,,2. Medium,To Do,,
FALSE,Contact Page SEO,Vakav Website,Frontend - Content & Pages > Contact Page,8/25/2025,9/3/2025,,2. Medium,To Do,,
FALSE,FAQ Listing,Vakav Website,Frontend - Content & Pages > FAQ Page,8/25/2025,9/3/2025,,2. Medium,To Do,,
FALSE,FAQ Accordion,Vakav Website,Frontend - Content & Pages > FAQ Page,8/25/2025,9/3/2025,,2. Medium,To Do,,
FALSE,FAQ Structured Data (JSON-LD),Vakav Website,Frontend - Content & Pages > FAQ Page,8/25/2025,9/3/2025,,2. Medium,To Do,,
FALSE,FAQ Localization,Vakav Website,Frontend - Content & Pages > FAQ Page,8/25/2025,9/3/2025,,2. Medium,To Do,,
FALSE,FAQ SEO,Vakav Website,Frontend - Content & Pages > FAQ Page,8/25/2025,9/3/2025,,2. Medium,To Do,,
FALSE,Doc Listing Page,Vakav Website,Frontend - Content & Pages > Documentation (Doc),8/25/2025,9/3/2025,,2. Medium,To Do,,
FALSE,Doc Detail Page,Vakav Website,Frontend - Content & Pages > Documentation (Doc),8/25/2025,9/3/2025,,2. Medium,To Do,,
FALSE,Doc Dynamic Zones,Vakav Website,Frontend - Content & Pages > Documentation (Doc),8/25/2025,9/3/2025,,2. Medium,To Do,,
FALSE,Doc SEO,Vakav Website,Frontend - Content & Pages > Documentation (Doc),8/25/2025,9/3/2025,,2. Medium,To Do,,
FALSE,Doc Localization,Vakav Website,Frontend - Content & Pages > Documentation (Doc),8/25/2025,9/3/2025,,2. Medium,To Do,,
FALSE,Dynamic Page Routing,Vakav Website,Frontend - Content & Pages > Dynamic Pages (Slug-based),8/25/2025,9/3/2025,,2. Medium,To Do,,
FALSE,Dynamic Page Content,Vakav Website,Frontend - Content & Pages > Dynamic Pages (Slug-based),8/25/2025,9/3/2025,,2. Medium,To Do,,
FALSE,Dynamic Page Dynamic Zones,Vakav Website,Frontend - Content & Pages > Dynamic Pages (Slug-based),8/25/2025,9/3/2025,,2. Medium,To Do,,
FALSE,Dynamic Page SEO,Vakav Website,Frontend - Content & Pages > Dynamic Pages (Slug-based),8/25/2025,9/3/2025,,2. Medium,To Do,,
FALSE,Dynamic Page Localization,Vakav Website,Frontend - Content & Pages > Dynamic Pages (Slug-based),8/25/2025,9/3/2025,,2. Medium,To Do,,
FALSE,Newsletter Form,Vakav Website,Frontend - User & Interaction > Newsletter Subscription,9/4/2025,9/7/2025,,2. Medium,To Do,,
FALSE,Newsletter API Integration,Vakav Website,Frontend - User & Interaction > Newsletter Subscription,9/4/2025,9/7/2025,,2. Medium,To Do,,
FALSE,Newsletter Success/Error Messages,Vakav Website,Frontend - User & Interaction > Newsletter Subscription,9/4/2025,9/7/2025,,2. Medium,To Do,,
FALSE,Newsletter Localization,Vakav Website,Frontend - User & Interaction > Newsletter Subscription,9/4/2025,9/7/2025,,2. Medium,To Do,,
FALSE,Contact Form Fields,Vakav Website,Frontend - User & Interaction > Contact Form,9/4/2025,9/7/2025,,2. Medium,To Do,,
FALSE,Contact Form Validation,Vakav Website,Frontend - User & Interaction > Contact Form,9/4/2025,9/7/2025,,2. Medium,To Do,,
FALSE,Contact Form Submission,Vakav Website,Frontend - User & Interaction > Contact Form,9/4/2025,9/7/2025,,2. Medium,To Do,,
FALSE,Contact Form API Integration,Vakav Website,Frontend - User & Interaction > Contact Form,9/4/2025,9/7/2025,,2. Medium,To Do,,
FALSE,Contact Form Success/Error Messages,Vakav Website,Frontend - User & Interaction > Contact Form,9/4/2025,9/7/2025,,2. Medium,To Do,,
FALSE,Contact Form Bot Detection,Vakav Website,Frontend - User & Interaction > Contact Form,9/4/2025,9/7/2025,,2. Medium,To Do,,
FALSE,Contact Form Localization,Vakav Website,Frontend - User & Interaction > Contact Form,9/4/2025,9/7/2025,,2. Medium,To Do,,
FALSE,Cart State Management,Vakav Website,Frontend - User & Interaction > Cart Context (Shopping Cart),9/4/2025,9/7/2025,,2. Medium,To Do,,
FALSE,Cart Add/Remove Items,Vakav Website,Frontend - User & Interaction > Cart Context (Shopping Cart),9/4/2025,9/7/2025,,2. Medium,To Do,,
FALSE,Cart Total Calculation,Vakav Website,Frontend - User & Interaction > Cart Context (Shopping Cart),9/4/2025,9/7/2025,,2. Medium,To Do,,
FALSE,Dynamic Meta Title,Vakav Website,Frontend - SEO & Analytics > SEO Meta Tags,9/8/2025,9/12/2025,,2. Medium,To Do,,
FALSE,Dynamic Meta Description,Vakav Website,Frontend - SEO & Analytics > SEO Meta Tags,9/8/2025,9/12/2025,,2. Medium,To Do,,
FALSE,Dynamic Meta Image,Vakav Website,Frontend - SEO & Analytics > SEO Meta Tags,9/8/2025,9/12/2025,,2. Medium,To Do,,
FALSE,Meta Keywords,Vakav Website,Frontend - SEO & Analytics > SEO Meta Tags,9/8/2025,9/12/2025,,2. Medium,To Do,,
FALSE,Meta Robots,Vakav Website,Frontend - SEO & Analytics > SEO Meta Tags,9/8/2025,9/12/2025,,2. Medium,To Do,,
FALSE,Canonical URL,Vakav Website,Frontend - SEO & Analytics > SEO Meta Tags,9/8/2025,9/12/2025,,2. Medium,To Do,,
FALSE,Meta Viewport,Vakav Website,Frontend - SEO & Analytics > SEO Meta Tags,9/8/2025,9/12/2025,,2. Medium,To Do,,
FALSE,XML Sitemap Generation,Vakav Website,Frontend - SEO & Analytics > Dynamic Sitemap,9/8/2025,9/12/2025,,2. Medium,To Do,,
FALSE,Multi-language Sitemap,Vakav Website,Frontend - SEO & Analytics > Dynamic Sitemap,9/8/2025,9/12/2025,,2. Medium,To Do,,
FALSE,Sitemap Index,Vakav Website,Frontend - SEO & Analytics > Dynamic Sitemap,9/8/2025,9/12/2025,,2. Medium,To Do,,
FALSE,AI Sitemap,Vakav Website,Frontend - SEO & Analytics > Dynamic Sitemap,9/8/2025,9/12/2025,,2. Medium,To Do,,
FALSE,Sitemap Auto-refresh,Vakav Website,Frontend - SEO & Analytics > Dynamic Sitemap,9/8/2025,9/12/2025,,2. Medium,To Do,,
FALSE,Sitemap Content API,Vakav Website,Frontend - SEO & Analytics > Dynamic Sitemap,9/8/2025,9/12/2025,,2. Medium,To Do,,
FALSE,GA4 Integration,Vakav Website,Frontend - SEO & Analytics > Google Analytics 4,9/8/2025,9/12/2025,,2. Medium,To Do,,
FALSE,GA4 Page View Tracking,Vakav Website,Frontend - SEO & Analytics > Google Analytics 4,9/8/2025,9/12/2025,,2. Medium,To Do,,
FALSE,GA4 Event Tracking,Vakav Website,Frontend - SEO & Analytics > Google Analytics 4,9/8/2025,9/12/2025,,2. Medium,To Do,,
FALSE,GA4 Cookie Consent,Vakav Website,Frontend - SEO & Analytics > Google Analytics 4,9/8/2025,9/12/2025,,2. Medium,To Do,,
FALSE,OpenGraph Tags,Vakav Website,Frontend - SEO & Analytics > Structured Data,9/8/2025,9/12/2025,,2. Medium,To Do,,
FALSE,Twitter Card Tags,Vakav Website,Frontend - SEO & Analytics > Structured Data,9/8/2025,9/12/2025,,2. Medium,To Do,,
FALSE,JSON-LD (FAQ/Blog/Product/Org),Vakav Website,Frontend - SEO & Analytics > Structured Data,9/8/2025,9/12/2025,,2. Medium,To Do,,
FALSE,QR Code for Contact Cards (vCard),Vakav Website,Frontend - SEO & Analytics > QR Code Generation,9/8/2025,9/12/2025,,2. Medium,To Do,,
FALSE,QR Code Display,Vakav Website,Frontend - SEO & Analytics > QR Code Generation,9/8/2025,9/12/2025,,2. Medium,To Do,,
FALSE,QR Code Download,Vakav Website,Frontend - SEO & Analytics > QR Code Generation,9/8/2025,9/12/2025,,2. Medium,To Do,,
FALSE,QR Code Print Option,Vakav Website,Frontend - SEO & Analytics > QR Code Generation,9/8/2025,9/12/2025,,2. Medium,To Do,,
FALSE,Robots.txt Generation,Vakav Website,Frontend - SEO & Analytics > Robots.txt,9/8/2025,9/12/2025,,2. Medium,To Do,,
FALSE,Robots.txt Rules,Vakav Website,Frontend - SEO & Analytics > Robots.txt,9/8/2025,9/12/2025,,2. Medium,To Do,,
FALSE,Admin Login,Vakav Website,Frontend - Admin System > Authentication,9/13/2025,9/18/2025,,2. Medium,To Do,,
FALSE,Admin Logout,Vakav Website,Frontend - Admin System > Authentication,9/13/2025,9/18/2025,,2. Medium,To Do,,
FALSE,NextAuth Integration,Vakav Website,Frontend - Admin System > Authentication,9/13/2025,9/18/2025,,2. Medium,To Do,,
FALSE,Session Management,Vakav Website,Frontend - Admin System > Authentication,9/13/2025,9/18/2025,,2. Medium,To Do,,
FALSE,Auth Guard,Vakav Website,Frontend - Admin System > Authentication,9/13/2025,9/18/2025,,2. Medium,To Do,,
FALSE,Role-based Access Control,Vakav Website,Frontend - Admin System > Authentication,9/13/2025,9/18/2025,,2. Medium,To Do,,
FALSE,Admin Dashboard,Vakav Website,Frontend - Admin System > Dashboard,9/13/2025,9/18/2025,,2. Medium,To Do,,
FALSE,Quick Stats,Vakav Website,Frontend - Admin System > Dashboard,9/13/2025,9/18/2025,,2. Medium,To Do,,
FALSE,Overview Cards,Vakav Website,Frontend - Admin System > Dashboard,9/13/2025,9/18/2025,,2. Medium,To Do,,
FALSE,Navigation Menu,Vakav Website,Frontend - Admin System > Dashboard,9/13/2025,9/18/2025,,2. Medium,To Do,,
FALSE,Admin Users List,Vakav Website,Frontend - Admin System > User Management,9/13/2025,9/18/2025,,2. Medium,To Do,,
FALSE,Admin User CRUD,Vakav Website,Frontend - Admin System > User Management,9/13/2025,9/18/2025,,2. Medium,To Do,,
FALSE,Admin User Roles,Vakav Website,Frontend - Admin System > User Management,9/13/2025,9/18/2025,,2. Medium,To Do,,
FALSE,Admin User Permissions,Vakav Website,Frontend - Admin System > User Management,9/13/2025,9/18/2025,,2. Medium,To Do,,
FALSE,Sitemap XML Preview,Vakav Website,Frontend - Admin System > Sitemap Viewer,9/13/2025,9/18/2025,,2. Medium,To Do,,
FALSE,Sitemap Content View,Vakav Website,Frontend - Admin System > Sitemap Viewer,9/13/2025,9/18/2025,,2. Medium,To Do,,
FALSE,Sitemap Verification,Vakav Website,Frontend - Admin System > Sitemap Viewer,9/13/2025,9/18/2025,,2. Medium,To Do,,
FALSE,Sitemap Management,Vakav Website,Frontend - Admin System > Sitemap Viewer,9/13/2025,9/18/2025,,2. Medium,To Do,,
FALSE,Environment Variables Display,Vakav Website,Frontend - Admin System > Environment Checker,9/13/2025,9/18/2025,,2. Medium,To Do,,
FALSE,Environment Variables Validation,Vakav Website,Frontend - Admin System > Environment Checker,9/13/2025,9/18/2025,,2. Medium,To Do,,
FALSE,Environment Variables Status,Vakav Website,Frontend - Admin System > Environment Checker,9/13/2025,9/18/2025,,2. Medium,To Do,,
FALSE,Environment Variables Recommendations,Vakav Website,Frontend - Admin System > Environment Checker,9/13/2025,9/18/2025,,2. Medium,To Do,,
FALSE,Server Info Display,Vakav Website,Frontend - Admin System > Environment Checker,9/13/2025,9/18/2025,,2. Medium,To Do,,
FALSE,Cache Management,Vakav Website,Frontend - Admin System > Cache Control,9/13/2025,9/18/2025,,2. Medium,To Do,,
FALSE,Cache Clearing,Vakav Website,Frontend - Admin System > Cache Control,9/13/2025,9/18/2025,,2. Medium,To Do,,
FALSE,Cache Testing,Vakav Website,Frontend - Admin System > Cache Control,9/13/2025,9/18/2025,,2. Medium,To Do,,
FALSE,Cache Status,Vakav Website,Frontend - Admin System > Cache Control,9/13/2025,9/18/2025,,2. Medium,To Do,,
FALSE,Cache Test Tools,Vakav Website,Frontend - Admin System > Cache Test,9/13/2025,9/18/2025,,2. Medium,To Do,,
FALSE,Cache Performance Testing,Vakav Website,Frontend - Admin System > Cache Test,9/13/2025,9/18/2025,,2. Medium,To Do,,
FALSE,Mobile-first Design,Vakav Website,Frontend - Appearance & UX > Responsive Design,9/19/2025,9/26/2025,,2. Medium,To Do,,
FALSE,Tablet Optimization,Vakav Website,Frontend - Appearance & UX > Responsive Design,9/19/2025,9/26/2025,,2. Medium,To Do,,
FALSE,Desktop Optimization,Vakav Website,Frontend - Appearance & UX > Responsive Design,9/19/2025,9/26/2025,,2. Medium,To Do,,
FALSE,Breakpoint Management,Vakav Website,Frontend - Appearance & UX > Responsive Design,9/19/2025,9/26/2025,,2. Medium,To Do,,
FALSE,404 Error Page,Vakav Website,Frontend - Appearance & UX > Custom 404 Page,9/19/2025,9/26/2025,,2. Medium,To Do,,
FALSE,404 Error Message,Vakav Website,Frontend - Appearance & UX > Custom 404 Page,9/19/2025,9/26/2025,,2. Medium,To Do,,
FALSE,404 Navigation,Vakav Website,Frontend - Appearance & UX > Custom 404 Page,9/19/2025,9/26/2025,,2. Medium,To Do,,
FALSE,Next.js Image Optimization,Vakav Website,Frontend - Appearance & UX > Optimized Image Handling,9/19/2025,9/26/2025,,2. Medium,To Do,,
FALSE,Image Lazy Loading,Vakav Website,Frontend - Appearance & UX > Optimized Image Handling,9/19/2025,9/26/2025,,2. Medium,To Do,,
FALSE,Image CDN Support,Vakav Website,Frontend - Appearance & UX > Optimized Image Handling,9/19/2025,9/26/2025,,2. Medium,To Do,,
FALSE,WebP Format Support,Vakav Website,Frontend - Appearance & UX > Optimized Image Handling,9/19/2025,9/26/2025,,2. Medium,To Do,,
FALSE,Image Responsive Sizes,Vakav Website,Frontend - Appearance & UX > Optimized Image Handling,9/19/2025,9/26/2025,,2. Medium,To Do,,
FALSE,Language Selection,Vakav Website,Frontend - Appearance & UX > Language Switcher (i18n),9/19/2025,9/26/2025,,2. Medium,To Do,,
FALSE,Language Cookie Management,Vakav Website,Frontend - Appearance & UX > Language Switcher (i18n),9/19/2025,9/26/2025,,2. Medium,To Do,,
FALSE,Language Context,Vakav Website,Frontend - Appearance & UX > Language Switcher (i18n),9/19/2025,9/26/2025,,2. Medium,To Do,,
FALSE,RTL Support,Vakav Website,Frontend - Appearance & UX > Language Switcher (i18n),9/19/2025,9/26/2025,,2. Medium,To Do,,
FALSE,Locale Routing,Vakav Website,Frontend - Appearance & UX > Language Switcher (i18n),9/19/2025,9/26/2025,,2. Medium,To Do,,
FALSE,Localized Slugs,Vakav Website,Frontend - Appearance & UX > Language Switcher (i18n),9/19/2025,9/26/2025,,2. Medium,To Do,,
FALSE,Scroll-to-Top Button,Vakav Website,Frontend - Appearance & UX > Scroll-to-Top,9/19/2025,9/26/2025,,2. Medium,To Do,,
FALSE,Scroll-to-Top Animation,Vakav Website,Frontend - Appearance & UX > Scroll-to-Top,9/19/2025,9/26/2025,,2. Medium,To Do,,
FALSE,Smooth Scroll,Vakav Website,Frontend - Appearance & UX > Smooth Navigation,9/19/2025,9/26/2025,,2. Medium,To Do,,
FALSE,Page Transitions,Vakav Website,Frontend - Appearance & UX > Smooth Navigation,9/19/2025,9/26/2025,,2. Medium,To Do,,
FALSE,Navigation Animation,Vakav Website,Frontend - Appearance & UX > Smooth Navigation,9/19/2025,9/26/2025,,2. Medium,To Do,,
FALSE,Header/Navbar (Desktop & Mobile),Vakav Website,Frontend - Appearance & UX > UI Components,9/19/2025,9/26/2025,,2. Medium,To Do,,
FALSE,Footer,Vakav Website,Frontend - Appearance & UX > UI Components,9/19/2025,9/26/2025,,2. Medium,To Do,,
FALSE,Container,Vakav Website,Frontend - Appearance & UX > UI Components,9/19/2025,9/26/2025,,2. Medium,To Do,,
FALSE,Button,Vakav Website,Frontend - Appearance & UX > UI Components,9/19/2025,9/26/2025,,2. Medium,To Do,,
FALSE,Heading,Vakav Website,Frontend - Appearance & UX > UI Components,9/19/2025,9/26/2025,,2. Medium,To Do,,
FALSE,Subheading,Vakav Website,Frontend - Appearance & UX > UI Components,9/19/2025,9/26/2025,,2. Medium,To Do,,
FALSE,Modal,Vakav Website,Frontend - Appearance & UX > UI Components,9/19/2025,9/26/2025,,2. Medium,To Do,,
FALSE,Tooltip,Vakav Website,Frontend - Appearance & UX > UI Components,9/19/2025,9/26/2025,,2. Medium,To Do,,
FALSE,Animated Modal,Vakav Website,Frontend - Appearance & UX > UI Components,9/19/2025,9/26/2025,,2. Medium,To Do,,
FALSE,Canvas Reveal Effect,Vakav Website,Frontend - Appearance & UX > UI Components,9/19/2025,9/26/2025,,2. Medium,To Do,,
FALSE,Globe,Vakav Website,Frontend - Appearance & UX > UI Components,9/19/2025,9/26/2025,,2. Medium,To Do,,
FALSE,Sparkles,Vakav Website,Frontend - Appearance & UX > UI Components,9/19/2025,9/26/2025,,2. Medium,To Do,,
FALSE,Sticky Scroll,Vakav Website,Frontend - Appearance & UX > UI Components,9/19/2025,9/26/2025,,2. Medium,To Do,,
FALSE,Page Wrapper,Vakav Website,Frontend - Appearance & UX > UI Components,9/19/2025,9/26/2025,,2. Medium,To Do,,
FALSE,Direction Provider,Vakav Website,Frontend - Appearance & UX > UI Components,9/19/2025,9/26/2025,,2. Medium,To Do,,
FALSE,Blur Image,Vakav Website,Frontend - Appearance & UX > UI Components,9/19/2025,9/26/2025,,2. Medium,To Do,,
FALSE,Gradient Container,Vakav Website,Frontend - Appearance & UX > UI Components,9/19/2025,9/26/2025,,2. Medium,To Do,,
FALSE,Decorations (Ambient Color/Cover/Shooting Star/Star Background),Vakav Website,Frontend - Appearance & UX > UI Components,9/19/2025,9/26/2025,,2. Medium,To Do,,
FALSE,Beam Effect,Vakav Website,Frontend - Appearance & UX > UI Components,9/19/2025,9/26/2025,,2. Medium,To Do,,
FALSE,NextAuth API Routes,Vakav Website,Frontend - API Endpoints > Authentication API,9/27/2025,9/29/2025,,2. Medium,To Do,,
FALSE,Logout API,Vakav Website,Frontend - API Endpoints > Authentication API,9/27/2025,9/29/2025,,2. Medium,To Do,,
FALSE,User API,Vakav Website,Frontend - API Endpoints > Authentication API,9/27/2025,9/29/2025,,2. Medium,To Do,,
FALSE,Contact Form Submission,Vakav Website,Frontend - API Endpoints > Contact API,9/27/2025,9/29/2025,,2. Medium,To Do,,
FALSE,Contact Data Processing,Vakav Website,Frontend - API Endpoints > Contact API,9/27/2025,9/29/2025,,2. Medium,To Do,,
FALSE,Newsletter Subscription,Vakav Website,Frontend - API Endpoints > Newsletter API,9/27/2025,9/29/2025,,2. Medium,To Do,,
FALSE,Newsletter Data Processing,Vakav Website,Frontend - API Endpoints > Newsletter API,9/27/2025,9/29/2025,,2. Medium,To Do,,
FALSE,Sitemap Content Generation,Vakav Website,Frontend - API Endpoints > Sitemap API,9/27/2025,9/29/2025,,2. Medium,To Do,,
FALSE,Sitemap Recreation,Vakav Website,Frontend - API Endpoints > Sitemap API,9/27/2025,9/29/2025,,2. Medium,To Do,,
FALSE,Sitemap Testing,Vakav Website,Frontend - API Endpoints > Sitemap API,9/27/2025,9/29/2025,,2. Medium,To Do,,
FALSE,Cache Revalidation,Vakav Website,Frontend - API Endpoints > Revalidation API,9/27/2025,9/29/2025,,2. Medium,To Do,,
FALSE,ISR Revalidation,Vakav Website,Frontend - API Endpoints > Revalidation API,9/27/2025,9/29/2025,,2. Medium,To Do,,
FALSE,Preview Mode,Vakav Website,Frontend - API Endpoints > Preview API,9/27/2025,9/29/2025,,2. Medium,To Do,,
FALSE,Draft Content Preview,Vakav Website,Frontend - API Endpoints > Preview API,9/27/2025,9/29/2025,,2. Medium,To Do,,
FALSE,Environment Variables Testing,Vakav Website,Frontend - API Endpoints > Environment API,9/27/2025,9/29/2025,,2. Medium,To Do,,
FALSE,Environment Variables Debugging,Vakav Website,Frontend - API Endpoints > Environment API,9/27/2025,9/29/2025,,2. Medium,To Do,,
FALSE,Language Configuration,Vakav Website,Frontend - API Endpoints > Language Config API,9/27/2025,9/29/2025,,2. Medium,To Do,,
FALSE,Language Settings,Vakav Website,Frontend - API Endpoints > Language Config API,9/27/2025,9/29/2025,,2. Medium,To Do,,
FALSE,Strapi API Client,Vakav Website,Frontend - Strapi Integration > Enhanced Fetch,9/30/2025,10/2/2025,,2. Medium,To Do,,
FALSE,Data Transformation,Vakav Website,Frontend - Strapi Integration > Enhanced Fetch,9/30/2025,10/2/2025,,2. Medium,To Do,,
FALSE,Error Handling,Vakav Website,Frontend - Strapi Integration > Enhanced Fetch,9/30/2025,10/2/2025,,2. Medium,To Do,,
FALSE,Cache Management,Vakav Website,Frontend - Strapi Integration > Enhanced Fetch,9/30/2025,10/2/2025,,2. Medium,To Do,,
FALSE,Image URL Generation,Vakav Website,Frontend - Strapi Integration > Strapi Image,9/30/2025,10/2/2025,,2. Medium,To Do,,
FALSE,Image Optimization,Vakav Website,Frontend - Strapi Integration > Strapi Image,9/30/2025,10/2/2025,,2. Medium,To Do,,
FALSE,Image CDN Support,Vakav Website,Frontend - Strapi Integration > Strapi Image,9/30/2025,10/2/2025,,2. Medium,To Do,,
FALSE,Navbar Data,Vakav Website,Frontend - Strapi Integration > Layout Data Fetching,9/30/2025,10/2/2025,,2. Medium,To Do,,
FALSE,Footer Data,Vakav Website,Frontend - Strapi Integration > Layout Data Fetching,9/30/2025,10/2/2025,,2. Medium,To Do,,
FALSE,Global Settings,Vakav Website,Frontend - Strapi Integration > Layout Data Fetching,9/30/2025,10/2/2025,,2. Medium,To Do,,
FALSE,Page Data,Vakav Website,Frontend - Strapi Integration > Content Fetching,9/30/2025,10/2/2025,,2. Medium,To Do,,
FALSE,Article Data,Vakav Website,Frontend - Strapi Integration > Content Fetching,9/30/2025,10/2/2025,,2. Medium,To Do,,
FALSE,Product Data,Vakav Website,Frontend - Strapi Integration > Content Fetching,9/30/2025,10/2/2025,,2. Medium,To Do,,
FALSE,FAQ Data,Vakav Website,Frontend - Strapi Integration > Content Fetching,9/30/2025,10/2/2025,,2. Medium,To Do,,
FALSE,Contact Data,Vakav Website,Frontend - Strapi Integration > Content Fetching,9/30/2025,10/2/2025,,2. Medium,To Do,,
FALSE,Node.js 20.19.2 installation,Vakav Website,Deployment & DevOps - Server Installation & Environment Preparation > Node.js Version Management,10/3/2025,10/5/2025,,2. Medium,To Do,,
FALSE,NVM (Node Version Manager) setup,Vakav Website,Deployment & DevOps - Server Installation & Environment Preparation > Node.js Version Management,10/3/2025,10/5/2025,,2. Medium,To Do,,
FALSE,Node.js path configuration,Vakav Website,Deployment & DevOps - Server Installation & Environment Preparation > Node.js Version Management,10/3/2025,10/5/2025,,2. Medium,To Do,,
FALSE,Node.js version validation,Vakav Website,Deployment & DevOps - Server Installation & Environment Preparation > Node.js Version Management,10/3/2025,10/5/2025,,2. Medium,To Do,,
FALSE,Project directory structure,Vakav Website,Deployment & DevOps - Server Installation & Environment Preparation > Project Directory Setup,10/3/2025,10/5/2025,,2. Medium,To Do,,
FALSE,Directory permissions setup,Vakav Website,Deployment & DevOps - Server Installation & Environment Preparation > Project Directory Setup,10/3/2025,10/5/2025,,2. Medium,To Do,,
FALSE,Directory ownership configuration,Vakav Website,Deployment & DevOps - Server Installation & Environment Preparation > Project Directory Setup,10/3/2025,10/5/2025,,2. Medium,To Do,,
FALSE,Directory creation and validation,Vakav Website,Deployment & DevOps - Server Installation & Environment Preparation > Project Directory Setup,10/3/2025,10/5/2025,,2. Medium,To Do,,
FALSE,Environment file creation (.env,Vakav Website,Deployment & DevOps - Server Installation & Environment Preparation > Environment Variables Setup,10/3/2025,10/5/2025,,2. Medium,To Do,,
FALSE,Environment variable validation,Vakav Website,Deployment & DevOps - Server Installation & Environment Preparation > Environment Variables Setup,10/3/2025,10/5/2025,,2. Medium,To Do,,
FALSE,Environment file copying (copy-env.mts),Vakav Website,Deployment & DevOps - Server Installation & Environment Preparation > Environment Variables Setup,10/3/2025,10/5/2025,,2. Medium,To Do,,
FALSE,Environment variable security,Vakav Website,Deployment & DevOps - Server Installation & Environment Preparation > Environment Variables Setup,10/3/2025,10/5/2025,,2. Medium,To Do,,
FALSE,Environment file backup,Vakav Website,Deployment & DevOps - Server Installation & Environment Preparation > Environment Variables Setup,10/3/2025,10/5/2025,,2. Medium,To Do,,
FALSE,Root project dependencies (yarn install),Vakav Website,Deployment & DevOps - Server Installation & Environment Preparation > Dependencies Installation,10/3/2025,10/5/2025,,2. Medium,To Do,,
FALSE,Strapi dependencies installation,Vakav Website,Deployment & DevOps - Server Installation & Environment Preparation > Dependencies Installation,10/3/2025,10/5/2025,,2. Medium,To Do,,
FALSE,Next.js dependencies installation,Vakav Website,Deployment & DevOps - Server Installation & Environment Preparation > Dependencies Installation,10/3/2025,10/5/2025,,2. Medium,To Do,,
FALSE,Dependency version management,Vakav Website,Deployment & DevOps - Server Installation & Environment Preparation > Dependencies Installation,10/3/2025,10/5/2025,,2. Medium,To Do,,
FALSE,Dependency cleanup,Vakav Website,Deployment & DevOps - Server Installation & Environment Preparation > Dependencies Installation,10/3/2025,10/5/2025,,2. Medium,To Do,,
FALSE,Let's Encrypt SSL certificate configuration,Vakav Website,Deployment & DevOps - Web Server Configuration (Nginx) > SSL/HTTPS Setup,10/6/2025,10/11/2025,,2. Medium,To Do,,
FALSE,SSL certificate paths (fullchain.pem,Vakav Website,Deployment & DevOps - Web Server Configuration (Nginx) > SSL/HTTPS Setup,10/6/2025,10/11/2025,,2. Medium,To Do,,
FALSE,SSL session settings (timeout,Vakav Website,Deployment & DevOps - Web Server Configuration (Nginx) > SSL/HTTPS Setup,10/6/2025,10/11/2025,,2. Medium,To Do,,
FALSE,TLS protocol configuration (TLSv1.2,Vakav Website,Deployment & DevOps - Web Server Configuration (Nginx) > SSL/HTTPS Setup,10/6/2025,10/11/2025,,2. Medium,To Do,,
FALSE,SSL cipher suite configuration,Vakav Website,Deployment & DevOps - Web Server Configuration (Nginx) > SSL/HTTPS Setup,10/6/2025,10/11/2025,,2. Medium,To Do,,
FALSE,HSTS (HTTP Strict Transport Security) setup,Vakav Website,Deployment & DevOps - Web Server Configuration (Nginx) > SSL/HTTPS Setup,10/6/2025,10/11/2025,,2. Medium,To Do,,
FALSE,Nginx reverse proxy setup,Vakav Website,Deployment & DevOps - Web Server Configuration (Nginx) > Reverse Proxy Configuration,10/6/2025,10/11/2025,,2. Medium,To Do,,
FALSE,Backend proxy (Strapi on port 1337),Vakav Website,Deployment & DevOps - Web Server Configuration (Nginx) > Reverse Proxy Configuration,10/6/2025,10/11/2025,,2. Medium,To Do,,
FALSE,Frontend proxy (Next.js on port 3000),Vakav Website,Deployment & DevOps - Web Server Configuration (Nginx) > Reverse Proxy Configuration,10/6/2025,10/11/2025,,2. Medium,To Do,,
FALSE,Proxy headers configuration (Host,Vakav Website,Deployment & DevOps - Web Server Configuration (Nginx) > Reverse Proxy Configuration,10/6/2025,10/11/2025,,2. Medium,To Do,,
FALSE,Proxy buffer settings,Vakav Website,Deployment & DevOps - Web Server Configuration (Nginx) > Reverse Proxy Configuration,10/6/2025,10/11/2025,,2. Medium,To Do,,
FALSE,Proxy timeout configurations,Vakav Website,Deployment & DevOps - Web Server Configuration (Nginx) > Reverse Proxy Configuration,10/6/2025,10/11/2025,,2. Medium,To Do,,
FALSE,WebSocket support (Upgrade,Vakav Website,Deployment & DevOps - Web Server Configuration (Nginx) > Reverse Proxy Configuration,10/6/2025,10/11/2025,,2. Medium,To Do,,
FALSE,Domain setup (vakav.ai,Vakav Website,Deployment & DevOps - Web Server Configuration (Nginx) > Domain Configuration,10/6/2025,10/11/2025,,2. Medium,To Do,,
FALSE,Domain aliases configuration,Vakav Website,Deployment & DevOps - Web Server Configuration (Nginx) > Domain Configuration,10/6/2025,10/11/2025,,2. Medium,To Do,,
FALSE,HTTP to HTTPS redirect (301),Vakav Website,Deployment & DevOps - Web Server Configuration (Nginx) > Domain Configuration,10/6/2025,10/11/2025,,2. Medium,To Do,,
FALSE,IPv4 and IPv6 support,Vakav Website,Deployment & DevOps - Web Server Configuration (Nginx) > Domain Configuration,10/6/2025,10/11/2025,,2. Medium,To Do,,
FALSE,HTTP/2 support,Vakav Website,Deployment & DevOps - Web Server Configuration (Nginx) > Domain Configuration,10/6/2025,10/11/2025,,2. Medium,To Do,,
FALSE,Static asset caching (JS,Vakav Website,Deployment & DevOps - Web Server Configuration (Nginx) > Static Asset Caching,10/6/2025,10/11/2025,,2. Medium,To Do,,
FALSE,Cache expiration (1 year),Vakav Website,Deployment & DevOps - Web Server Configuration (Nginx) > Static Asset Caching,10/6/2025,10/11/2025,,2. Medium,To Do,,
FALSE,Cache-Control headers,Vakav Website,Deployment & DevOps - Web Server Configuration (Nginx) > Static Asset Caching,10/6/2025,10/11/2025,,2. Medium,To Do,,
FALSE,Immutable cache configuration,Vakav Website,Deployment & DevOps - Web Server Configuration (Nginx) > Static Asset Caching,10/6/2025,10/11/2025,,2. Medium,To Do,,
FALSE,Cache optimization,Vakav Website,Deployment & DevOps - Web Server Configuration (Nginx) > Static Asset Caching,10/6/2025,10/11/2025,,2. Medium,To Do,,
FALSE,Nginx configuration file (vakav.ai.conf),Vakav Website,Deployment & DevOps - Web Server Configuration (Nginx) > Nginx Configuration Management,10/6/2025,10/11/2025,,2. Medium,To Do,,
FALSE,Nginx configuration testing (nginx -t),Vakav Website,Deployment & DevOps - Web Server Configuration (Nginx) > Nginx Configuration Management,10/6/2025,10/11/2025,,2. Medium,To Do,,
FALSE,Nginx configuration reload,Vakav Website,Deployment & DevOps - Web Server Configuration (Nginx) > Nginx Configuration Management,10/6/2025,10/11/2025,,2. Medium,To Do,,
FALSE,Nginx service management,Vakav Website,Deployment & DevOps - Web Server Configuration (Nginx) > Nginx Configuration Management,10/6/2025,10/11/2025,,2. Medium,To Do,,
FALSE,Nginx logging setup (access/error logs),Vakav Website,Deployment & DevOps - Web Server Configuration (Nginx) > Nginx Configuration Management,10/6/2025,10/11/2025,,2. Medium,To Do,,
FALSE,SQLite database creation,Vakav Website,Deployment & DevOps - Database Setup & Migrations > SQLite Database Setup,10/12/2025,10/14/2025,,2. Medium,To Do,,
FALSE,Database file permissions,Vakav Website,Deployment & DevOps - Database Setup & Migrations > SQLite Database Setup,10/12/2025,10/14/2025,,2. Medium,To Do,,
FALSE,Database directory setup,Vakav Website,Deployment & DevOps - Database Setup & Migrations > SQLite Database Setup,10/12/2025,10/14/2025,,2. Medium,To Do,,
FALSE,Database file ownership,Vakav Website,Deployment & DevOps - Database Setup & Migrations > SQLite Database Setup,10/12/2025,10/14/2025,,2. Medium,To Do,,
FALSE,Database initialization,Vakav Website,Deployment & DevOps - Database Setup & Migrations > SQLite Database Setup,10/12/2025,10/14/2025,,2. Medium,To Do,,
FALSE,Database file permissions (664),Vakav Website,Deployment & DevOps - Database Setup & Migrations > Database Permissions,10/12/2025,10/14/2025,,2. Medium,To Do,,
FALSE,Database directory permissions (755),Vakav Website,Deployment & DevOps - Database Setup & Migrations > Database Permissions,10/12/2025,10/14/2025,,2. Medium,To Do,,
FALSE,Database ownership (administrator:administrator),Vakav Website,Deployment & DevOps - Database Setup & Migrations > Database Permissions,10/12/2025,10/14/2025,,2. Medium,To Do,,
FALSE,Database permission fix script (fix-database-issue.sh),Vakav Website,Deployment & DevOps - Database Setup & Migrations > Database Permissions,10/12/2025,10/14/2025,,2. Medium,To Do,,
FALSE,Database migration scripts,Vakav Website,Deployment & DevOps - Database Setup & Migrations > Database Migrations,10/12/2025,10/14/2025,,2. Medium,To Do,,
FALSE,Database schema updates,Vakav Website,Deployment & DevOps - Database Setup & Migrations > Database Migrations,10/12/2025,10/14/2025,,2. Medium,To Do,,
FALSE,Database data migration,Vakav Website,Deployment & DevOps - Database Setup & Migrations > Database Migrations,10/12/2025,10/14/2025,,2. Medium,To Do,,
FALSE,Migration rollback support,Vakav Website,Deployment & DevOps - Database Setup & Migrations > Database Migrations,10/12/2025,10/14/2025,,2. Medium,To Do,,
FALSE,Database backup directory creation,Vakav Website,Deployment & DevOps - Database Setup & Migrations > Database Backup,10/12/2025,10/14/2025,,2. Medium,To Do,,
FALSE,Database backup automation,Vakav Website,Deployment & DevOps - Database Setup & Migrations > Database Backup,10/12/2025,10/14/2025,,2. Medium,To Do,,
FALSE,Database backup recovery,Vakav Website,Deployment & DevOps - Database Setup & Migrations > Database Backup,10/12/2025,10/14/2025,,2. Medium,To Do,,
FALSE,Database backup validation,Vakav Website,Deployment & DevOps - Database Setup & Migrations > Database Backup,10/12/2025,10/14/2025,,2. Medium,To Do,,
FALSE,Main deployment script,Vakav Website,Deployment & DevOps - CI/CD Pipeline Scripts > Deployment Script (deploy.sh),10/15/2025,10/21/2025,,2. Medium,To Do,,
FALSE,Service stopping (systemd),Vakav Website,Deployment & DevOps - CI/CD Pipeline Scripts > Deployment Script (deploy.sh),10/15/2025,10/21/2025,,2. Medium,To Do,,
FALSE,Dependency installation,Vakav Website,Deployment & DevOps - CI/CD Pipeline Scripts > Deployment Script (deploy.sh),10/15/2025,10/21/2025,,2. Medium,To Do,,
FALSE,Strapi build process,Vakav Website,Deployment & DevOps - CI/CD Pipeline Scripts > Deployment Script (deploy.sh),10/15/2025,10/21/2025,,2. Medium,To Do,,
FALSE,Next.js build process,Vakav Website,Deployment & DevOps - CI/CD Pipeline Scripts > Deployment Script (deploy.sh),10/15/2025,10/21/2025,,2. Medium,To Do,,
FALSE,Environment file creation,Vakav Website,Deployment & DevOps - CI/CD Pipeline Scripts > Deployment Script (deploy.sh),10/15/2025,10/21/2025,,2. Medium,To Do,,
FALSE,Backup directory creation,Vakav Website,Deployment & DevOps - CI/CD Pipeline Scripts > Deployment Script (deploy.sh),10/15/2025,10/21/2025,,2. Medium,To Do,,
FALSE,Service starting (systemd),Vakav Website,Deployment & DevOps - CI/CD Pipeline Scripts > Deployment Script (deploy.sh),10/15/2025,10/21/2025,,2. Medium,To Do,,
FALSE,Deployment status reporting,Vakav Website,Deployment & DevOps - CI/CD Pipeline Scripts > Deployment Script (deploy.sh),10/15/2025,10/21/2025,,2. Medium,To Do,,
FALSE,Systemd service installation,Vakav Website,Deployment & DevOps - CI/CD Pipeline Scripts > Service Setup Script (setup-services.sh),10/15/2025,10/21/2025,,2. Medium,To Do,,
FALSE,Nginx configuration update,Vakav Website,Deployment & DevOps - CI/CD Pipeline Scripts > Service Setup Script (setup-services.sh),10/15/2025,10/21/2025,,2. Medium,To Do,,
FALSE,Service enabling,Vakav Website,Deployment & DevOps - CI/CD Pipeline Scripts > Service Setup Script (setup-services.sh),10/15/2025,10/21/2025,,2. Medium,To Do,,
FALSE,Service dependency configuration,Vakav Website,Deployment & DevOps - CI/CD Pipeline Scripts > Service Setup Script (setup-services.sh),10/15/2025,10/21/2025,,2. Medium,To Do,,
FALSE,Directory creation,Vakav Website,Deployment & DevOps - CI/CD Pipeline Scripts > Service Setup Script (setup-services.sh),10/15/2025,10/21/2025,,2. Medium,To Do,,
FALSE,Permission setting,Vakav Website,Deployment & DevOps - CI/CD Pipeline Scripts > Service Setup Script (setup-services.sh),10/15/2025,10/21/2025,,2. Medium,To Do,,
FALSE,Service validation,Vakav Website,Deployment & DevOps - CI/CD Pipeline Scripts > Service Setup Script (setup-services.sh),10/15/2025,10/21/2025,,2. Medium,To Do,,
FALSE,Old service stopping,Vakav Website,Deployment & DevOps - CI/CD Pipeline Scripts > Cleanup Script (cleanup-old-services.sh),10/15/2025,10/21/2025,,2. Medium,To Do,,
FALSE,Old service disabling,Vakav Website,Deployment & DevOps - CI/CD Pipeline Scripts > Cleanup Script (cleanup-old-services.sh),10/15/2025,10/21/2025,,2. Medium,To Do,,
FALSE,Old service file removal,Vakav Website,Deployment & DevOps - CI/CD Pipeline Scripts > Cleanup Script (cleanup-old-services.sh),10/15/2025,10/21/2025,,2. Medium,To Do,,
FALSE,Old directory backup,Vakav Website,Deployment & DevOps - CI/CD Pipeline Scripts > Cleanup Script (cleanup-old-services.sh),10/15/2025,10/21/2025,,2. Medium,To Do,,
FALSE,Old file cleanup,Vakav Website,Deployment & DevOps - CI/CD Pipeline Scripts > Cleanup Script (cleanup-old-services.sh),10/15/2025,10/21/2025,,2. Medium,To Do,,
FALSE,Systemd daemon reload,Vakav Website,Deployment & DevOps - CI/CD Pipeline Scripts > Cleanup Script (cleanup-old-services.sh),10/15/2025,10/21/2025,,2. Medium,To Do,,
FALSE,Local to remote server sync,Vakav Website,Deployment & DevOps - CI/CD Pipeline Scripts > Rsync to Server Script (01-rsync-to-server.sh),10/15/2025,10/21/2025,,2. Medium,To Do,,
FALSE,Rsync exclusion file (.rsync-exclude),Vakav Website,Deployment & DevOps - CI/CD Pipeline Scripts > Rsync to Server Script (01-rsync-to-server.sh),10/15/2025,10/21/2025,,2. Medium,To Do,,
FALSE,SSH connection setup,Vakav Website,Deployment & DevOps - CI/CD Pipeline Scripts > Rsync to Server Script (01-rsync-to-server.sh),10/15/2025,10/21/2025,,2. Medium,To Do,,
FALSE,File synchronization,Vakav Website,Deployment & DevOps - CI/CD Pipeline Scripts > Rsync to Server Script (01-rsync-to-server.sh),10/15/2025,10/21/2025,,2. Medium,To Do,,
FALSE,Sync logging,Vakav Website,Deployment & DevOps - CI/CD Pipeline Scripts > Rsync to Server Script (01-rsync-to-server.sh),10/15/2025,10/21/2025,,2. Medium,To Do,,
FALSE,Sync status reporting,Vakav Website,Deployment & DevOps - CI/CD Pipeline Scripts > Rsync to Server Script (01-rsync-to-server.sh),10/15/2025,10/21/2025,,2. Medium,To Do,,
FALSE,Environment file copying (.env.example to .env),Vakav Website,Deployment & DevOps - CI/CD Pipeline Scripts > Environment File Copy Script (copy-env.mts),10/15/2025,10/21/2025,,2. Medium,To Do,,
FALSE,File existence validation,Vakav Website,Deployment & DevOps - CI/CD Pipeline Scripts > Environment File Copy Script (copy-env.mts),10/15/2025,10/21/2025,,2. Medium,To Do,,
FALSE,File copy error handling,Vakav Website,Deployment & DevOps - CI/CD Pipeline Scripts > Environment File Copy Script (copy-env.mts),10/15/2025,10/21/2025,,2. Medium,To Do,,
FALSE,File copy status reporting,Vakav Website,Deployment & DevOps - CI/CD Pipeline Scripts > Environment File Copy Script (copy-env.mts),10/15/2025,10/21/2025,,2. Medium,To Do,,
FALSE,Database permission fixing,Vakav Website,Deployment & DevOps - CI/CD Pipeline Scripts > Database Fix Script (fix-database-issue.sh),10/15/2025,10/21/2025,,2. Medium,To Do,,
FALSE,Database directory creation,Vakav Website,Deployment & DevOps - CI/CD Pipeline Scripts > Database Fix Script (fix-database-issue.sh),10/15/2025,10/21/2025,,2. Medium,To Do,,
FALSE,Database file creation,Vakav Website,Deployment & DevOps - CI/CD Pipeline Scripts > Database Fix Script (fix-database-issue.sh),10/15/2025,10/21/2025,,2. Medium,To Do,,
FALSE,Database permission setting,Vakav Website,Deployment & DevOps - CI/CD Pipeline Scripts > Database Fix Script (fix-database-issue.sh),10/15/2025,10/21/2025,,2. Medium,To Do,,
FALSE,Database ownership setting,Vakav Website,Deployment & DevOps - CI/CD Pipeline Scripts > Database Fix Script (fix-database-issue.sh),10/15/2025,10/21/2025,,2. Medium,To Do,,
FALSE,Backup directory structure,Vakav Website,Deployment & DevOps - Backup Scripts & Recovery Plan > Backup Directory Creation,10/22/2025,10/25/2025,,2. Medium,To Do,,
FALSE,Backup directory naming (timestamp-based),Vakav Website,Deployment & DevOps - Backup Scripts & Recovery Plan > Backup Directory Creation,10/22/2025,10/25/2025,,2. Medium,To Do,,
FALSE,Backup directory permissions,Vakav Website,Deployment & DevOps - Backup Scripts & Recovery Plan > Backup Directory Creation,10/22/2025,10/25/2025,,2. Medium,To Do,,
FALSE,Backup directory ownership,Vakav Website,Deployment & DevOps - Backup Scripts & Recovery Plan > Backup Directory Creation,10/22/2025,10/25/2025,,2. Medium,To Do,,
FALSE,Automated backup creation,Vakav Website,Deployment & DevOps - Backup Scripts & Recovery Plan > Backup Automation,10/22/2025,10/25/2025,,2. Medium,To Do,,
FALSE,Backup of previous data,Vakav Website,Deployment & DevOps - Backup Scripts & Recovery Plan > Backup Automation,10/22/2025,10/25/2025,,2. Medium,To Do,,
FALSE,Backup of old services,Vakav Website,Deployment & DevOps - Backup Scripts & Recovery Plan > Backup Automation,10/22/2025,10/25/2025,,2. Medium,To Do,,
FALSE,Backup of old files,Vakav Website,Deployment & DevOps - Backup Scripts & Recovery Plan > Backup Automation,10/22/2025,10/25/2025,,2. Medium,To Do,,
FALSE,Backup validation,Vakav Website,Deployment & DevOps - Backup Scripts & Recovery Plan > Backup Automation,10/22/2025,10/25/2025,,2. Medium,To Do,,
FALSE,Backup restoration process,Vakav Website,Deployment & DevOps - Backup Scripts & Recovery Plan > Recovery Procedures,10/22/2025,10/25/2025,,2. Medium,To Do,,
FALSE,Data recovery procedures,Vakav Website,Deployment & DevOps - Backup Scripts & Recovery Plan > Recovery Procedures,10/22/2025,10/25/2025,,2. Medium,To Do,,
FALSE,Service recovery procedures,Vakav Website,Deployment & DevOps - Backup Scripts & Recovery Plan > Recovery Procedures,10/22/2025,10/25/2025,,2. Medium,To Do,,
FALSE,File recovery procedures,Vakav Website,Deployment & DevOps - Backup Scripts & Recovery Plan > Recovery Procedures,10/22/2025,10/25/2025,,2. Medium,To Do,,
FALSE,Recovery validation,Vakav Website,Deployment & DevOps - Backup Scripts & Recovery Plan > Recovery Procedures,10/22/2025,10/25/2025,,2. Medium,To Do,,
FALSE,Backend service logs (vakav-website-backend.service),Vakav Website,Deployment & DevOps - Monitoring/Logging Setup > Systemd Service Logs,10/26/2025,10/29/2025,,2. Medium,To Do,,
FALSE,Frontend service logs (vakav-website-frontend.service),Vakav Website,Deployment & DevOps - Monitoring/Logging Setup > Systemd Service Logs,10/26/2025,10/29/2025,,2. Medium,To Do,,
FALSE,Log output configuration (journal),Vakav Website,Deployment & DevOps - Monitoring/Logging Setup > Systemd Service Logs,10/26/2025,10/29/2025,,2. Medium,To Do,,
FALSE,Log error configuration (journal),Vakav Website,Deployment & DevOps - Monitoring/Logging Setup > Systemd Service Logs,10/26/2025,10/29/2025,,2. Medium,To Do,,
FALSE,Syslog identifier configuration,Vakav Website,Deployment & DevOps - Monitoring/Logging Setup > Systemd Service Logs,10/26/2025,10/29/2025,,2. Medium,To Do,,
FALSE,Log rotation,Vakav Website,Deployment & DevOps - Monitoring/Logging Setup > Systemd Service Logs,10/26/2025,10/29/2025,,2. Medium,To Do,,
FALSE,Nginx access logs,Vakav Website,Deployment & DevOps - Monitoring/Logging Setup > Nginx Logs,10/26/2025,10/29/2025,,2. Medium,To Do,,
FALSE,Nginx error logs,Vakav Website,Deployment & DevOps - Monitoring/Logging Setup > Nginx Logs,10/26/2025,10/29/2025,,2. Medium,To Do,,
FALSE,Log file configuration,Vakav Website,Deployment & DevOps - Monitoring/Logging Setup > Nginx Logs,10/26/2025,10/29/2025,,2. Medium,To Do,,
FALSE,Log rotation,Vakav Website,Deployment & DevOps - Monitoring/Logging Setup > Nginx Logs,10/26/2025,10/29/2025,,2. Medium,To Do,,
FALSE,Log analysis,Vakav Website,Deployment & DevOps - Monitoring/Logging Setup > Nginx Logs,10/26/2025,10/29/2025,,2. Medium,To Do,,
FALSE,Service status checking (systemctl status),Vakav Website,Deployment & DevOps - Monitoring/Logging Setup > Service Status Monitoring,10/26/2025,10/29/2025,,2. Medium,To Do,,
FALSE,Service health monitoring,Vakav Website,Deployment & DevOps - Monitoring/Logging Setup > Service Status Monitoring,10/26/2025,10/29/2025,,2. Medium,To Do,,
FALSE,Service restart on failure,Vakav Website,Deployment & DevOps - Monitoring/Logging Setup > Service Status Monitoring,10/26/2025,10/29/2025,,2. Medium,To Do,,
FALSE,Service dependency monitoring,Vakav Website,Deployment & DevOps - Monitoring/Logging Setup > Service Status Monitoring,10/26/2025,10/29/2025,,2. Medium,To Do,,
FALSE,Service performance monitoring,Vakav Website,Deployment & DevOps - Monitoring/Logging Setup > Service Status Monitoring,10/26/2025,10/29/2025,,2. Medium,To Do,,
FALSE,Log file location,Vakav Website,Deployment & DevOps - Monitoring/Logging Setup > Log Management,10/26/2025,10/29/2025,,2. Medium,To Do,,
FALSE,Log file permissions,Vakav Website,Deployment & DevOps - Monitoring/Logging Setup > Log Management,10/26/2025,10/29/2025,,2. Medium,To Do,,
FALSE,Log file rotation,Vakav Website,Deployment & DevOps - Monitoring/Logging Setup > Log Management,10/26/2025,10/29/2025,,2. Medium,To Do,,
FALSE,Log file cleanup,Vakav Website,Deployment & DevOps - Monitoring/Logging Setup > Log Management,10/26/2025,10/29/2025,,2. Medium,To Do,,
FALSE,Log file analysis,Vakav Website,Deployment & DevOps - Monitoring/Logging Setup > Log Management,10/26/2025,10/29/2025,,2. Medium,To Do,,
FALSE,Strapi CMS service configuration,Vakav Website,Deployment & DevOps - Systemd Services > Backend Service (vakav-website-backend.service),10/30/2025,11/4/2025,,2. Medium,To Do,,
FALSE,Service type (simple),Vakav Website,Deployment & DevOps - Systemd Services > Backend Service (vakav-website-backend.service),10/30/2025,11/4/2025,,2. Medium,To Do,,
FALSE,Service user (administrator),Vakav Website,Deployment & DevOps - Systemd Services > Backend Service (vakav-website-backend.service),10/30/2025,11/4/2025,,2. Medium,To Do,,
FALSE,Working directory configuration,Vakav Website,Deployment & DevOps - Systemd Services > Backend Service (vakav-website-backend.service),10/30/2025,11/4/2025,,2. Medium,To Do,,
FALSE,ExecStart command,Vakav Website,Deployment & DevOps - Systemd Services > Backend Service (vakav-website-backend.service),10/30/2025,11/4/2025,,2. Medium,To Do,,
FALSE,Restart policy (on-failure),Vakav Website,Deployment & DevOps - Systemd Services > Backend Service (vakav-website-backend.service),10/30/2025,11/4/2025,,2. Medium,To Do,,
FALSE,Restart delay (10 seconds),Vakav Website,Deployment & DevOps - Systemd Services > Backend Service (vakav-website-backend.service),10/30/2025,11/4/2025,,2. Medium,To Do,,
FALSE,Environment variables (NODE_ENV,Vakav Website,Deployment & DevOps - Systemd Services > Backend Service (vakav-website-backend.service),10/30/2025,11/4/2025,,2. Medium,To Do,,
FALSE,Security settings (NoNewPrivileges,Vakav Website,Deployment & DevOps - Systemd Services > Backend Service (vakav-website-backend.service),10/30/2025,11/4/2025,,2. Medium,To Do,,
FALSE,Logging configuration,Vakav Website,Deployment & DevOps - Systemd Services > Backend Service (vakav-website-backend.service),10/30/2025,11/4/2025,,2. Medium,To Do,,
FALSE,Next.js service configuration,Vakav Website,Deployment & DevOps - Systemd Services > Frontend Service (vakav-website-frontend.service),10/30/2025,11/4/2025,,2. Medium,To Do,,
FALSE,Service type (simple),Vakav Website,Deployment & DevOps - Systemd Services > Frontend Service (vakav-website-frontend.service),10/30/2025,11/4/2025,,2. Medium,To Do,,
FALSE,Service user (administrator),Vakav Website,Deployment & DevOps - Systemd Services > Frontend Service (vakav-website-frontend.service),10/30/2025,11/4/2025,,2. Medium,To Do,,
FALSE,Working directory configuration,Vakav Website,Deployment & DevOps - Systemd Services > Frontend Service (vakav-website-frontend.service),10/30/2025,11/4/2025,,2. Medium,To Do,,
FALSE,ExecStart command,Vakav Website,Deployment & DevOps - Systemd Services > Frontend Service (vakav-website-frontend.service),10/30/2025,11/4/2025,,2. Medium,To Do,,
FALSE,Restart policy (on-failure),Vakav Website,Deployment & DevOps - Systemd Services > Frontend Service (vakav-website-frontend.service),10/30/2025,11/4/2025,,2. Medium,To Do,,
FALSE,Restart delay (10 seconds),Vakav Website,Deployment & DevOps - Systemd Services > Frontend Service (vakav-website-frontend.service),10/30/2025,11/4/2025,,2. Medium,To Do,,
FALSE,Environment variables (NODE_ENV,Vakav Website,Deployment & DevOps - Systemd Services > Frontend Service (vakav-website-frontend.service),10/30/2025,11/4/2025,,2. Medium,To Do,,
FALSE,Environment file (.env.production),Vakav Website,Deployment & DevOps - Systemd Services > Frontend Service (vakav-website-frontend.service),10/30/2025,11/4/2025,,2. Medium,To Do,,
FALSE,Security settings (NoNewPrivileges,Vakav Website,Deployment & DevOps - Systemd Services > Frontend Service (vakav-website-frontend.service),10/30/2025,11/4/2025,,2. Medium,To Do,,
FALSE,Logging configuration,Vakav Website,Deployment & DevOps - Systemd Services > Frontend Service (vakav-website-frontend.service),10/30/2025,11/4/2025,,2. Medium,To Do,,
FALSE,Service dependencies (vakav-website-backend.service),Vakav Website,Deployment & DevOps - Systemd Services > Frontend Service (vakav-website-frontend.service),10/30/2025,11/4/2025,,2. Medium,To Do,,
FALSE,Service starting (systemctl start),Vakav Website,Deployment & DevOps - Systemd Services > Service Management,10/30/2025,11/4/2025,,2. Medium,To Do,,
FALSE,Service stopping (systemctl stop),Vakav Website,Deployment & DevOps - Systemd Services > Service Management,10/30/2025,11/4/2025,,2. Medium,To Do,,
FALSE,Service restarting (systemctl restart),Vakav Website,Deployment & DevOps - Systemd Services > Service Management,10/30/2025,11/4/2025,,2. Medium,To Do,,
FALSE,Service enabling (systemctl enable),Vakav Website,Deployment & DevOps - Systemd Services > Service Management,10/30/2025,11/4/2025,,2. Medium,To Do,,
FALSE,Service disabling (systemctl disable),Vakav Website,Deployment & DevOps - Systemd Services > Service Management,10/30/2025,11/4/2025,,2. Medium,To Do,,
FALSE,Service status checking (systemctl status),Vakav Website,Deployment & DevOps - Systemd Services > Service Management,10/30/2025,11/4/2025,,2. Medium,To Do,,
FALSE,Service reloading (systemctl daemon-reload),Vakav Website,Deployment & DevOps - Systemd Services > Service Management,10/30/2025,11/4/2025,,2. Medium,To Do,,
FALSE,SSL certificate setup,Vakav Website,Deployment & DevOps - Security > SSL/TLS Configuration,11/5/2025,11/7/2025,,2. Medium,To Do,,
FALSE,TLS protocol configuration,Vakav Website,Deployment & DevOps - Security > SSL/TLS Configuration,11/5/2025,11/7/2025,,2. Medium,To Do,,
FALSE,SSL cipher suite configuration,Vakav Website,Deployment & DevOps - Security > SSL/TLS Configuration,11/5/2025,11/7/2025,,2. Medium,To Do,,
FALSE,SSL session configuration,Vakav Website,Deployment & DevOps - Security > SSL/TLS Configuration,11/5/2025,11/7/2025,,2. Medium,To Do,,
FALSE,HSTS configuration,Vakav Website,Deployment & DevOps - Security > SSL/TLS Configuration,11/5/2025,11/7/2025,,2. Medium,To Do,,
FALSE,HSTS header (Strict-Transport-Security),Vakav Website,Deployment & DevOps - Security > Security Headers,11/5/2025,11/7/2025,,2. Medium,To Do,,
FALSE,Security headers configuration,Vakav Website,Deployment & DevOps - Security > Security Headers,11/5/2025,11/7/2025,,2. Medium,To Do,,
FALSE,Header validation,Vakav Website,Deployment & DevOps - Security > Security Headers,11/5/2025,11/7/2025,,2. Medium,To Do,,
FALSE,NoNewPrivileges (systemd),Vakav Website,Deployment & DevOps - Security > Service Security Settings,11/5/2025,11/7/2025,,2. Medium,To Do,,
FALSE,PrivateTmp (systemd),Vakav Website,Deployment & DevOps - Security > Service Security Settings,11/5/2025,11/7/2025,,2. Medium,To Do,,
FALSE,ProtectSystem (systemd),Vakav Website,Deployment & DevOps - Security > Service Security Settings,11/5/2025,11/7/2025,,2. Medium,To Do,,
FALSE,ReadWritePaths (systemd),Vakav Website,Deployment & DevOps - Security > Service Security Settings,11/5/2025,11/7/2025,,2. Medium,To Do,,
FALSE,Service user isolation,Vakav Website,Deployment & DevOps - Security > Service Security Settings,11/5/2025,11/7/2025,,2. Medium,To Do,,
FALSE,Environment variable encryption,Vakav Website,Deployment & DevOps - Security > Environment Variable Security,11/5/2025,11/7/2025,,2. Medium,To Do,,
FALSE,Environment variable validation,Vakav Website,Deployment & DevOps - Security > Environment Variable Security,11/5/2025,11/7/2025,,2. Medium,To Do,,
FALSE,Environment variable access control,Vakav Website,Deployment & DevOps - Security > Environment Variable Security,11/5/2025,11/7/2025,,2. Medium,To Do,,
FALSE,Environment variable backup,Vakav Website,Deployment & DevOps - Security > Environment Variable Security,11/5/2025,11/7/2025,,2. Medium,To Do,,
FALSE,Static asset caching configuration,Vakav Website,Deployment & DevOps - Performance Optimization > Static Asset Caching,11/8/2025,11/10/2025,,2. Medium,To Do,,
FALSE,Cache expiration settings,Vakav Website,Deployment & DevOps - Performance Optimization > Static Asset Caching,11/8/2025,11/10/2025,,2. Medium,To Do,,
FALSE,Cache-Control headers,Vakav Website,Deployment & DevOps - Performance Optimization > Static Asset Caching,11/8/2025,11/10/2025,,2. Medium,To Do,,
FALSE,Immutable cache configuration,Vakav Website,Deployment & DevOps - Performance Optimization > Static Asset Caching,11/8/2025,11/10/2025,,2. Medium,To Do,,
FALSE,Proxy buffer size configuration,Vakav Website,Deployment & DevOps - Performance Optimization > Proxy Buffer Settings,11/8/2025,11/10/2025,,2. Medium,To Do,,
FALSE,Proxy buffers configuration,Vakav Website,Deployment & DevOps - Performance Optimization > Proxy Buffer Settings,11/8/2025,11/10/2025,,2. Medium,To Do,,
FALSE,Proxy busy buffers configuration,Vakav Website,Deployment & DevOps - Performance Optimization > Proxy Buffer Settings,11/8/2025,11/10/2025,,2. Medium,To Do,,
FALSE,Proxy temp file write size configuration,Vakav Website,Deployment & DevOps - Performance Optimization > Proxy Buffer Settings,11/8/2025,11/10/2025,,2. Medium,To Do,,
FALSE,Proxy connect timeout (60s),Vakav Website,Deployment & DevOps - Performance Optimization > Timeout Configurations,11/8/2025,11/10/2025,,2. Medium,To Do,,
FALSE,Proxy send timeout (60s),Vakav Website,Deployment & DevOps - Performance Optimization > Timeout Configurations,11/8/2025,11/10/2025,,2. Medium,To Do,,
FALSE,Proxy read timeout (60s),Vakav Website,Deployment & DevOps - Performance Optimization > Timeout Configurations,11/8/2025,11/10/2025,,2. Medium,To Do,,
FALSE,Timeout optimization,Vakav Website,Deployment & DevOps - Performance Optimization > Timeout Configurations,11/8/2025,11/10/2025,,2. Medium,To Do,,
FALSE,CDN configuration,Vakav Website,Deployment & DevOps - Performance Optimization > CDN Support (if applicable),11/8/2025,11/10/2025,,2. Medium,To Do,,
FALSE,CDN asset delivery,Vakav Website,Deployment & DevOps - Performance Optimization > CDN Support (if applicable),11/8/2025,11/10/2025,,2. Medium,To Do,,
FALSE,CDN caching,Vakav Website,Deployment & DevOps - Performance Optimization > CDN Support (if applicable),11/8/2025,11/10/2025,,2. Medium,To Do,,
FALSE,CDN optimization,Vakav Website,Deployment & DevOps - Performance Optimization > CDN Support (if applicable),11/8/2025,11/10/2025,,2. Medium,To Do,,